Date,Open,High,Low,Close,Adj Close,Volume
2020-10-07,0.560000,0.560000,0.560000,0.560000,0.359424,0
2020-10-08,0.560000,0.560000,0.560000,0.560000,0.359424,0
2020-10-09,0.560000,0.560000,0.560000,0.560000,0.359424,0
2020-10-12,0.560000,0.560000,0.560000,0.560000,0.359424,0
2020-10-13,0.560000,0.560000,0.560000,0.560000,0.359424,0
2020-10-14,0.560000,0.560000,0.560000,0.560000,0.359424,0
2020-10-15,0.560000,0.560000,0.560000,0.560000,0.359424,0
2020-10-16,0.560000,0.560000,0.560000,0.560000,0.359424,0
2020-10-19,0.560000,0.560000,0.560000,0.560000,0.359424,0
2020-10-20,0.560000,0.560000,0.560000,0.560000,0.359424,0
2020-10-21,0.560000,0.560000,0.560000,0.560000,0.359424,0
2020-10-22,0.560000,0.560000,0.560000,0.560000,0.359424,0
2020-10-23,0.560000,0.560000,0.560000,0.560000,0.359424,0
2020-10-26,0.620000,0.645000,0.620000,0.645000,0.413980,1869
2020-10-27,0.645000,0.645000,0.645000,0.645000,0.413980,0
2020-10-28,0.645000,0.645000,0.645000,0.645000,0.413980,0
2020-10-29,0.645000,0.645000,0.645000,0.645000,0.413980,0
2020-10-30,0.645000,0.645000,0.645000,0.645000,0.413980,0
2020-11-02,0.645000,0.645000,0.645000,0.645000,0.413980,0
2020-11-03,0.645000,0.645000,0.645000,0.645000,0.413980,0
2020-11-04,0.645000,0.645000,0.645000,0.645000,0.413980,0
2020-11-05,0.645000,0.645000,0.645000,0.645000,0.413980,0
2020-11-06,0.645000,0.645000,0.645000,0.645000,0.413980,0
2020-11-09,0.645000,0.645000,0.645000,0.645000,0.413980,0
2020-11-10,0.645000,0.645000,0.645000,0.645000,0.413980,0
2020-11-11,0.645000,0.645000,0.645000,0.645000,0.413980,0
2020-11-12,0.645000,0.645000,0.645000,0.645000,0.413980,0
2020-11-13,0.562500,0.562500,0.562500,0.562500,0.361029,2390
2020-11-16,0.562500,0.562500,0.562500,0.562500,0.361029,0
2020-11-17,0.562500,0.562500,0.562500,0.562500,0.361029,0
2020-11-18,0.562500,0.562500,0.562500,0.562500,0.361029,0
2020-11-19,0.562500,0.562500,0.562500,0.562500,0.361029,0
2020-11-20,0.562500,0.562500,0.562500,0.562500,0.361029,0
2020-11-23,0.562500,0.562500,0.562500,0.562500,0.361029,0
2020-11-24,0.562500,0.562500,0.562500,0.562500,0.361029,0
2020-11-25,0.562500,0.562500,0.562500,0.562500,0.361029,0
2020-11-27,0.562500,0.562500,0.562500,0.562500,0.361029,0
2020-11-30,0.562500,0.562500,0.562500,0.562500,0.361029,0
2020-12-01,0.562500,0.562500,0.562500,0.562500,0.361029,0
2020-12-02,0.562500,0.562500,0.562500,0.562500,0.361029,0
2020-12-03,0.562500,0.562500,0.562500,0.562500,0.361029,0
2020-12-04,0.562500,0.562500,0.562500,0.562500,0.361029,0
2020-12-07,0.562500,0.562500,0.562500,0.562500,0.361029,0
2020-12-08,0.562500,0.562500,0.562500,0.562500,0.361029,0
2020-12-09,0.562500,0.562500,0.562500,0.562500,0.361029,0
2020-12-10,0.562500,0.562500,0.562500,0.562500,0.361029,0
2020-12-11,0.562500,0.562500,0.562500,0.562500,0.361029,0
2020-12-14,0.562500,0.562500,0.562500,0.562500,0.361029,0
2020-12-15,0.562500,0.562500,0.562500,0.562500,0.361029,0
2020-12-16,0.562500,0.562500,0.562500,0.562500,0.361029,0
2020-12-17,0.562500,0.562500,0.562500,0.562500,0.361029,0
2020-12-18,0.562500,0.562500,0.562500,0.562500,0.361029,0
2020-12-21,0.562500,0.562500,0.562500,0.562500,0.361029,0
2020-12-22,0.562500,0.562500,0.562500,0.562500,0.361029,0
2020-12-23,0.562500,0.562500,0.562500,0.562500,0.361029,0
2020-12-24,0.562500,0.562500,0.562500,0.562500,0.361029,0
2020-12-28,0.562500,0.562500,0.562500,0.562500,0.361029,0
2020-12-29,0.562500,0.562500,0.562500,0.562500,0.361029,0
2020-12-30,0.562500,0.562500,0.562500,0.562500,0.361029,0
2020-12-31,0.562500,0.562500,0.562500,0.562500,0.361029,0
2021-01-04,0.562500,0.562500,0.562500,0.562500,0.361029,0
2021-01-05,0.562500,0.562500,0.562500,0.562500,0.361029,0
2021-01-06,0.562500,0.562500,0.562500,0.562500,0.361029,0
2021-01-07,0.562500,0.562500,0.562500,0.562500,0.361029,0
2021-01-08,0.562500,0.562500,0.562500,0.562500,0.361029,0
2021-01-11,0.562500,0.562500,0.562500,0.562500,0.361029,0
2021-01-12,0.562500,0.562500,0.562500,0.562500,0.361029,0
2021-01-13,0.562500,0.562500,0.562500,0.562500,0.361029,0
2021-01-14,0.562500,0.562500,0.562500,0.562500,0.361029,0
2021-01-15,0.562500,0.562500,0.562500,0.562500,0.361029,0
2021-01-19,0.562500,0.562500,0.562500,0.562500,0.361029,0
2021-01-20,0.562500,0.562500,0.562500,0.562500,0.361029,0
2021-01-21,0.562500,0.562500,0.562500,0.562500,0.361029,0
2021-01-22,0.562500,0.562500,0.562500,0.562500,0.361029,0
2021-01-25,0.562500,0.562500,0.562500,0.562500,0.361029,0
2021-01-26,0.562500,0.562500,0.562500,0.562500,0.361029,0
2021-01-27,0.562500,0.562500,0.562500,0.562500,0.361029,0
2021-01-28,0.562500,0.562500,0.562500,0.562500,0.361029,0
2021-01-29,0.562500,0.562500,0.562500,0.562500,0.361029,0
2021-02-01,0.562500,0.562500,0.562500,0.562500,0.361029,0
2021-02-02,0.562500,0.562500,0.562500,0.562500,0.361029,0
2021-02-03,0.562500,0.562500,0.562500,0.562500,0.361029,0
2021-02-04,0.562500,0.562500,0.562500,0.562500,0.361029,0
2021-02-05,0.562500,0.562500,0.562500,0.562500,0.361029,0
2021-02-08,0.562500,0.562500,0.562500,0.562500,0.361029,0
2021-02-09,0.562500,0.562500,0.562500,0.562500,0.361029,0
2021-02-10,0.562500,0.562500,0.562500,0.562500,0.361029,0
2021-02-11,0.562500,0.562500,0.562500,0.562500,0.361029,0
2021-02-12,0.562500,0.562500,0.562500,0.562500,0.361029,0
2021-02-16,0.562500,0.562500,0.562500,0.562500,0.361029,0
2021-02-17,0.562500,0.562500,0.562500,0.562500,0.361029,0
2021-02-18,0.562500,0.562500,0.562500,0.562500,0.361029,0
2021-02-19,0.562500,0.562500,0.562500,0.562500,0.361029,0
2021-02-22,0.540000,0.540000,0.540000,0.540000,0.346588,392
2021-02-23,0.540000,0.540000,0.540000,0.540000,0.346588,0
2021-02-24,0.540000,0.540000,0.540000,0.540000,0.346588,0
2021-02-25,0.540000,0.540000,0.540000,0.540000,0.346588,0
2021-02-26,0.540000,0.540000,0.540000,0.540000,0.346588,0
2021-03-01,0.540000,0.540000,0.540000,0.540000,0.346588,0
2021-03-02,0.540000,0.540000,0.540000,0.540000,0.346588,0
2021-03-03,0.540000,0.540000,0.540000,0.540000,0.346588,0
2021-03-04,0.540000,0.540000,0.540000,0.540000,0.346588,0
2021-03-05,0.540000,0.540000,0.540000,0.540000,0.346588,0
2021-03-08,0.540000,0.540000,0.540000,0.540000,0.346588,0
2021-03-09,0.540000,0.540000,0.540000,0.540000,0.346588,0
2021-03-10,0.540000,0.540000,0.540000,0.540000,0.346588,0
2021-03-11,0.540000,0.540000,0.540000,0.540000,0.346588,0
2021-03-12,0.540000,0.540000,0.540000,0.540000,0.346588,0
2021-03-15,0.540000,0.540000,0.540000,0.540000,0.346588,0
2021-03-16,0.540000,0.540000,0.540000,0.540000,-0.603734,0
2021-03-17,0.540000,0.540000,0.540000,0.540000,-0.603734,0
2021-03-18,0.540000,0.540000,0.540000,0.540000,-0.603734,0
2021-03-19,0.540000,0.540000,0.540000,0.540000,-0.603734,0
2021-03-22,0.540000,0.540000,0.540000,0.540000,-0.603734,0
2021-03-23,0.540000,0.540000,0.540000,0.540000,-0.603734,0
2021-03-24,0.540000,0.540000,0.540000,0.540000,-0.603734,0
2021-03-25,0.540000,0.540000,0.540000,0.540000,-0.603734,0
2021-03-26,0.540000,0.540000,0.540000,0.540000,-0.603734,0
2021-03-29,0.540000,0.540000,0.540000,0.540000,-0.603734,0
2021-03-30,0.540000,0.540000,0.540000,0.540000,-0.603734,0
2021-03-31,0.540000,0.540000,0.540000,0.540000,-0.603734,0
2021-04-01,0.540000,0.540000,0.540000,0.540000,-0.603734,0
2021-04-05,0.540000,0.540000,0.540000,0.540000,-0.603734,0
2021-04-06,0.540000,0.540000,0.540000,0.540000,-0.603734,0
2021-04-07,0.540000,0.540000,0.540000,0.540000,-0.603734,0
2021-04-08,0.540000,0.540000,0.540000,0.540000,-0.603734,0
2021-04-09,0.540000,0.540000,0.540000,0.540000,-0.603734,0
2021-04-12,0.540000,0.540000,0.540000,0.540000,-0.603734,0
2021-04-13,0.540000,0.540000,0.540000,0.540000,-0.603734,0
2021-04-14,0.540000,0.540000,0.540000,0.540000,-0.603734,0
2021-04-15,0.540000,0.540000,0.540000,0.540000,-0.603734,0
2021-04-16,0.485000,0.485000,0.485000,0.485000,-0.542242,1100
2021-04-19,0.485000,0.485000,0.485000,0.485000,-0.542242,0
2021-04-20,0.485000,0.485000,0.485000,0.485000,-0.542242,0
2021-04-21,0.510000,0.510000,0.510000,0.510000,-0.570193,3600
2021-04-22,0.510000,0.510000,0.510000,0.510000,-0.570193,0
2021-04-23,0.490000,0.490000,0.490000,0.490000,-0.547832,100
2021-04-26,0.490000,0.490000,0.490000,0.490000,-0.547832,0
2021-04-27,0.490000,0.490000,0.490000,0.490000,-0.547832,0
2021-04-28,0.490000,0.490000,0.490000,0.490000,-0.547832,0
2021-04-29,0.490000,0.490000,0.490000,0.490000,-0.547832,0
2021-04-30,0.490000,0.490000,0.490000,0.490000,-0.547832,0
2021-05-03,0.500000,0.500000,0.500000,0.500000,-0.559013,3000
2021-05-04,0.493600,0.493600,0.493600,0.493600,-0.551857,1905
2021-05-05,0.493600,0.493600,0.493600,0.493600,-0.551857,0
2021-05-06,0.493600,0.493600,0.493600,0.493600,-0.551857,0
2021-05-07,0.493600,0.493600,0.493600,0.493600,-0.551857,0
2021-05-10,0.493600,0.493600,0.493600,0.493600,-0.551857,0
2021-05-11,0.493600,0.493600,0.493600,0.493600,-0.551857,0
2021-05-12,0.493600,0.493600,0.493600,0.493600,-0.551857,0
2021-05-13,0.493600,0.493600,0.493600,0.493600,-0.551857,0
2021-05-14,0.493600,0.493600,0.493600,0.493600,-0.551857,0
2021-05-17,0.456400,0.456400,0.456400,0.456400,-0.510267,100
2021-05-18,0.456400,0.456400,0.456400,0.456400,-0.510267,0
2021-05-19,0.456400,0.456400,0.456400,0.456400,-0.510267,0
2021-05-20,0.456400,0.456400,0.456400,0.456400,-0.510267,0
2021-05-21,0.430000,0.430000,0.430000,0.430000,-0.480751,863
2021-05-24,0.428800,0.428800,0.428800,0.428800,-0.479409,2650
2021-05-25,0.428800,0.428800,0.428800,0.428800,-0.479409,0
2021-05-26,0.432400,0.432400,0.432400,0.432400,-0.483434,100
2021-05-27,0.432400,0.432400,0.432400,0.432400,-0.483434,0
2021-05-28,0.432400,0.432400,0.432400,0.432400,-0.483434,0
2021-06-01,0.432400,0.432400,0.432400,0.432400,-0.483434,0
2021-06-02,0.432400,0.432400,0.432400,0.432400,-0.483434,0
2021-06-03,0.432400,0.432400,0.432400,0.432400,-0.483434,0
2021-06-04,0.432400,0.432400,0.432400,0.432400,-0.483434,0
2021-06-07,0.432400,0.432400,0.432400,0.432400,-0.483434,0
2021-06-08,0.432400,0.432400,0.432400,0.432400,-0.483434,0
2021-06-09,0.432400,0.432400,0.432400,0.432400,-0.483434,0
2021-06-10,0.432400,0.432400,0.432400,0.432400,-0.483434,0
2021-06-11,0.432400,0.432400,0.432400,0.432400,-0.483434,0
2021-06-14,0.432400,0.432400,0.432400,0.432400,-0.483434,0
2021-06-15,0.432400,0.432400,0.432400,0.432400,-0.483434,0
2021-06-16,0.432400,0.432400,0.432400,0.432400,-0.483434,0
2021-06-17,0.432400,0.432400,0.432400,0.432400,-0.483434,0
2021-06-18,0.432400,0.432400,0.432400,0.432400,-0.483434,0
2021-06-21,0.432400,0.432400,0.432400,0.432400,-0.483434,0
2021-06-22,0.432400,0.432400,0.432400,0.432400,-0.483434,0
2021-06-23,0.432400,0.432400,0.432400,0.432400,-0.483434,0
2021-06-24,0.432400,0.432400,0.432400,0.432400,-0.483434,0
2021-06-25,0.432400,0.432400,0.432400,0.432400,-0.483434,0
2021-06-28,0.432400,0.432400,0.432400,0.432400,-0.483434,0
2021-06-29,0.432400,0.432400,0.432400,0.432400,-0.483434,0
2021-06-30,0.432400,0.432400,0.432400,0.432400,-0.483434,0
2021-07-01,0.432400,0.432400,0.432400,0.432400,-0.483434,0
2021-07-02,0.432400,0.432400,0.432400,0.432400,-0.483434,0
2021-07-06,0.432400,0.432400,0.432400,0.432400,-0.483434,0
2021-07-07,0.432400,0.432400,0.432400,0.432400,-0.483434,0
2021-07-08,0.432400,0.432400,0.432400,0.432400,-0.483434,0
2021-07-09,0.432400,0.432400,0.432400,0.432400,-0.483434,0
2021-07-12,0.432400,0.432400,0.432400,0.432400,-0.483434,0
2021-07-13,0.432400,0.432400,0.432400,0.432400,-0.483434,0
2021-07-14,0.432400,0.432400,0.432400,0.432400,-0.483434,0
2021-07-15,0.432400,0.432400,0.432400,0.432400,-0.483434,0
2021-07-16,0.432400,0.432400,0.432400,0.432400,-0.483434,0
2021-07-19,0.432400,0.432400,0.432400,0.432400,-0.483434,0
2021-07-20,0.432400,0.432400,0.432400,0.432400,-0.483434,0
2021-07-21,0.432400,0.432400,0.432400,0.432400,-0.483434,0
2021-07-22,0.432400,0.432400,0.432400,0.432400,-0.483434,0
2021-07-23,0.432400,0.432400,0.432400,0.432400,-0.483434,0
2021-07-26,0.432400,0.432400,0.432400,0.432400,-0.483434,0
2021-07-27,0.432400,0.432400,0.432400,0.432400,-0.483434,0
2021-07-28,0.432400,0.432400,0.432400,0.432400,-0.483434,0
2021-07-29,0.432400,0.432400,0.432400,0.432400,-0.483434,0
2021-07-30,0.432400,0.432400,0.432400,0.432400,-0.483434,0
2021-08-02,0.432400,0.432400,0.432400,0.432400,-0.483434,0
2021-08-03,0.432400,0.432400,0.432400,0.432400,-0.483434,0
2021-08-04,0.432400,0.432400,0.432400,0.432400,-0.483434,0
2021-08-05,0.432400,0.432400,0.432400,0.432400,-0.483434,0
2021-08-06,0.432400,0.432400,0.432400,0.432400,-0.483434,0
2021-08-09,0.432400,0.432400,0.432400,0.432400,-0.483434,0
2021-08-10,0.432400,0.432400,0.432400,0.432400,-0.483434,0
2021-08-11,0.432400,0.432400,0.432400,0.432400,-0.483434,0
2021-08-12,0.432400,0.432400,0.432400,0.432400,-0.483434,0
2021-08-13,0.432400,0.432400,0.432400,0.432400,-0.483434,0
2021-08-16,0.432400,0.432400,0.432400,0.432400,-0.483434,0
2021-08-17,0.432400,0.432400,0.432400,0.432400,-0.483434,0
2021-08-18,0.432400,0.432400,0.432400,0.432400,-0.483434,0
2021-08-19,0.513900,0.513900,0.513900,0.513900,-0.574553,269
2021-08-20,0.513900,0.513900,0.513900,0.513900,-0.574553,0
2021-08-23,0.513900,0.513900,0.513900,0.513900,-0.574553,0
2021-08-24,0.513900,0.513900,0.513900,0.513900,-0.574553,0
2021-08-25,0.513900,0.513900,0.513900,0.513900,-0.574553,0
2021-08-26,0.513900,0.513900,0.513900,0.513900,-0.574553,0
2021-08-27,0.513900,0.513900,0.513900,0.513900,-0.574553,0
2021-08-30,0.513900,0.513900,0.513900,0.513900,-0.574553,0
2021-08-31,0.513900,0.513900,0.513900,0.513900,-0.574553,0
2021-09-01,0.513900,0.513900,0.513900,0.513900,-0.574553,0
2021-09-02,0.513900,0.513900,0.513900,0.513900,-0.574553,0
2021-09-03,0.513900,0.513900,0.513900,0.513900,-0.574553,0
2021-09-07,0.513900,0.513900,0.513900,0.513900,-0.574553,0
2021-09-08,0.513900,0.513900,0.513900,0.513900,-0.574553,0
2021-09-09,0.513900,0.513900,0.513900,0.513900,-0.574553,0
2021-09-10,0.513900,0.513900,0.513900,0.513900,-0.574553,0
2021-09-13,0.513900,0.513900,0.513900,0.513900,-0.574553,0
2021-09-14,0.513900,0.513900,0.513900,0.513900,-0.574553,0
2021-09-15,0.513900,0.513900,0.513900,0.513900,-0.574553,0
2021-09-16,0.513900,0.513900,0.513900,0.513900,-0.574553,0
2021-09-17,0.651600,0.651600,0.651600,0.651600,-0.728505,194
2021-09-20,0.651600,0.651600,0.651600,0.651600,-0.728505,0
2021-09-21,0.651600,0.651600,0.651600,0.651600,-0.728505,0
2021-09-22,0.651600,0.651600,0.651600,0.651600,-0.728505,0
2021-09-23,0.651600,0.651600,0.651600,0.651600,-0.728505,0
2021-09-24,0.651600,0.651600,0.651600,0.651600,-0.728505,0
2021-09-27,0.651600,0.651600,0.651600,0.651600,-0.728505,0
2021-09-28,0.651600,0.651600,0.651600,0.651600,-0.728505,0
2021-09-29,0.651600,0.651600,0.651600,0.651600,-0.728505,0
2021-09-30,0.651600,0.651600,0.651600,0.651600,-0.728505,0
2021-10-01,0.651600,0.651600,0.651600,0.651600,-0.728505,0
2021-10-04,0.651600,0.651600,0.651600,0.651600,-0.728505,0
2021-10-05,0.651600,0.651600,0.651600,0.651600,-0.728505,0
2021-10-06,0.651600,0.651600,0.651600,0.651600,-0.728505,0
2021-10-07,0.651600,0.651600,0.651600,0.651600,-0.728505,0
2021-10-08,0.651600,0.651600,0.651600,0.651600,-0.728505,0
2021-10-11,0.651600,0.651600,0.651600,0.651600,-0.728505,0
2021-10-12,0.651600,0.651600,0.651600,0.651600,-0.728505,0
2021-10-13,0.602180,0.602180,0.602180,0.602180,-0.673252,400
2021-10-14,0.602180,0.602180,0.602180,0.602180,-0.673252,0
2021-10-15,0.602180,0.602180,0.602180,0.602180,-0.673252,0
2021-10-18,0.602180,0.602180,0.602180,0.602180,-0.673252,0
2021-10-19,0.602180,0.602180,0.602180,0.602180,-0.673252,0
2021-10-20,0.602180,0.602180,0.602180,0.602180,-0.673252,0
2021-10-21,0.602180,0.602180,0.602180,0.602180,-0.673252,0
2021-10-22,0.602180,0.602180,0.602180,0.602180,-0.673252,0
2021-10-25,0.602180,0.602180,0.602180,0.602180,-0.673252,0
2021-10-26,0.602180,0.602180,0.602180,0.602180,-0.673252,0
2021-10-27,0.602180,0.602180,0.602180,0.602180,-0.673252,0
2021-10-28,0.602180,0.602180,0.602180,0.602180,-0.673252,0
2021-10-29,0.650000,0.650000,0.650000,0.650000,-0.726716,13412
2021-11-01,0.650000,0.650000,0.650000,0.650000,-0.726716,0
2021-11-02,0.650000,0.650000,0.650000,0.650000,-0.726716,0
2021-11-03,0.650000,0.650000,0.650000,0.650000,-0.726716,0
2021-11-04,0.650000,0.650000,0.650000,0.650000,-0.726716,0
2021-11-05,0.650000,0.650000,0.650000,0.650000,-0.726716,0
2021-11-08,0.650000,0.650000,0.650000,0.650000,-0.726716,0
2021-11-09,0.650000,0.650000,0.650000,0.650000,-0.726716,0
2021-11-10,0.650000,0.650000,0.650000,0.650000,-0.726716,0
2021-11-11,0.650000,0.650000,0.650000,0.650000,-0.726716,0
2021-11-12,0.650000,0.650000,0.650000,0.650000,-0.726716,0
2021-11-15,0.650000,0.650000,0.650000,0.650000,-0.726716,0
2021-11-16,0.650000,0.650000,0.650000,0.650000,-0.726716,0
2021-11-17,0.650000,0.650000,0.650000,0.650000,-0.726716,0
2021-11-18,0.650000,0.650000,0.650000,0.650000,-0.726716,0
2021-11-19,0.650000,0.650000,0.650000,0.650000,-0.726716,0
2021-11-22,0.650000,0.650000,0.650000,0.650000,-0.726716,0
2021-11-23,0.650000,0.650000,0.650000,0.650000,-0.726716,0
2021-11-24,0.650000,0.650000,0.650000,0.650000,-0.726716,0
2021-11-26,0.650000,0.650000,0.650000,0.650000,-0.726716,0
2021-11-29,0.650000,0.650000,0.650000,0.650000,-0.726716,0
2021-11-30,0.650000,0.650000,0.650000,0.650000,-0.726716,0
2021-12-01,0.650000,0.650000,0.650000,0.650000,-0.726716,0
2021-12-02,0.650000,0.650000,0.650000,0.650000,-0.726716,0
2021-12-03,0.650000,0.650000,0.650000,0.650000,-0.726716,0
2021-12-06,0.650000,0.650000,0.650000,0.650000,-0.726716,0
2021-12-07,0.650000,0.650000,0.650000,0.650000,-0.726716,0
2021-12-08,0.650000,0.650000,0.650000,0.650000,-0.726716,0
2021-12-09,0.650000,0.650000,0.650000,0.650000,-0.726716,0
2021-12-10,0.650000,0.650000,0.650000,0.650000,-0.726716,0
2021-12-13,0.650000,0.650000,0.650000,0.650000,-0.726716,0
2021-12-14,0.650000,0.650000,0.650000,0.650000,-0.726716,0
2021-12-15,0.650000,0.650000,0.650000,0.650000,-0.726716,0
2021-12-16,0.650000,0.650000,0.650000,0.650000,-0.726716,0
2021-12-17,0.650000,0.650000,0.650000,0.650000,-0.726716,0
2021-12-20,0.650000,0.650000,0.650000,0.650000,-0.726716,0
2021-12-21,0.650000,0.650000,0.650000,0.650000,-0.726716,0
2021-12-22,0.650000,0.650000,0.650000,0.650000,-0.726716,0
2021-12-23,0.650000,0.650000,0.650000,0.650000,-0.726716,0
2021-12-27,0.650000,0.650000,0.650000,0.650000,-0.726716,0
2021-12-28,0.650000,0.650000,0.650000,0.650000,-0.726716,0
2021-12-29,0.650000,0.650000,0.650000,0.650000,-0.726716,0
2021-12-30,0.650000,0.650000,0.650000,0.650000,-0.726716,0
2021-12-31,0.650000,0.650000,0.650000,0.650000,-0.726716,0
2022-01-03,0.650000,0.650000,0.650000,0.650000,-0.726716,0
2022-01-04,0.650000,0.650000,0.650000,0.650000,-0.726716,0
2022-01-05,0.650000,0.650000,0.650000,0.650000,-0.726716,0
2022-01-06,0.650000,0.650000,0.650000,0.650000,-0.726716,0
2022-01-07,0.650000,0.650000,0.650000,0.650000,-0.726716,0
2022-01-10,0.650000,0.650000,0.650000,0.650000,-0.726716,0
2022-01-11,0.650000,0.650000,0.650000,0.650000,-0.726716,0
2022-01-12,0.650000,0.650000,0.650000,0.650000,-0.726716,0
2022-01-13,0.650000,0.650000,0.650000,0.650000,-0.726716,0
2022-01-14,0.601200,0.601200,0.601200,0.601200,-0.672157,194
2022-01-18,0.601200,0.601200,0.601200,0.601200,-0.672157,0
2022-01-19,0.601200,0.601200,0.601200,0.601200,-0.672157,0
2022-01-20,0.601200,0.601200,0.601200,0.601200,-0.672157,0
2022-01-21,0.601200,0.601200,0.601200,0.601200,-0.672157,0
2022-01-24,0.601200,0.601200,0.601200,0.601200,-0.672157,0
2022-01-25,0.601200,0.601200,0.601200,0.601200,-0.672157,0
2022-01-26,0.601200,0.601200,0.601200,0.601200,-0.672157,0
2022-01-27,0.601200,0.601200,0.601200,0.601200,-0.672157,0
2022-01-28,0.601200,0.601200,0.601200,0.601200,-0.672157,0
2022-01-31,0.601200,0.601200,0.601200,0.601200,-0.672157,0
2022-02-01,0.601200,0.601200,0.601200,0.601200,-0.672157,0
2022-02-02,0.601200,0.601200,0.601200,0.601200,-0.672157,0
2022-02-03,0.601200,0.601200,0.601200,0.601200,-0.672157,0
2022-02-04,0.601200,0.601200,0.601200,0.601200,-0.672157,0
2022-02-07,0.601200,0.601200,0.601200,0.601200,-0.672157,0
2022-02-08,0.601200,0.601200,0.601200,0.601200,-0.672157,0
2022-02-09,0.601200,0.601200,0.601200,0.601200,-0.672157,0
2022-02-10,0.601200,0.601200,0.601200,0.601200,-0.672157,0
2022-02-11,0.601200,0.601200,0.601200,0.601200,-0.672157,0
2022-02-14,0.601200,0.601200,0.601200,0.601200,-0.672157,0
2022-02-15,0.601200,0.601200,0.601200,0.601200,-0.672157,0
2022-02-16,0.601200,0.601200,0.601200,0.601200,-0.672157,0
2022-02-17,0.601200,0.601200,0.601200,0.601200,-0.672157,0
2022-02-18,0.684600,0.684600,0.684600,0.684600,-0.765400,2650
2022-02-22,0.684600,0.684600,0.684600,0.684600,-0.765400,0
2022-02-23,0.684600,0.684600,0.684600,0.684600,-0.765400,0
2022-02-24,0.684600,0.684600,0.684600,0.684600,-0.765400,0
2022-02-25,0.684600,0.684600,0.684600,0.684600,-0.765400,0
2022-02-28,0.684600,0.684600,0.684600,0.684600,-0.765400,0
2022-03-01,0.684600,0.684600,0.684600,0.684600,-0.765400,0
2022-03-02,0.684600,0.684600,0.684600,0.684600,-0.765400,0
2022-03-03,0.684600,0.684600,0.684600,0.684600,-0.765400,0
2022-03-04,0.684600,0.684600,0.684600,0.684600,-0.765400,0
2022-03-07,0.684600,0.684600,0.684600,0.684600,-0.765400,0
2022-03-08,0.684600,0.684600,0.684600,0.684600,-0.765400,0
2022-03-09,0.684600,0.684600,0.684600,0.684600,-0.765400,0
2022-03-10,0.684600,0.684600,0.684600,0.684600,-0.765400,0
2022-03-11,0.684600,0.684600,0.684600,0.684600,-0.765400,0
2022-03-14,0.684600,0.684600,0.684600,0.684600,-0.765400,0
2022-03-15,0.684600,0.684600,0.684600,0.684600,-0.765400,0
2022-03-16,0.684600,0.684600,0.684600,0.684600,-0.765400,0
2022-03-17,0.684600,0.684600,0.684600,0.684600,0.684600,0
2022-03-18,0.684600,0.684600,0.684600,0.684600,0.684600,0
2022-03-21,0.684600,0.684600,0.684600,0.684600,0.684600,0
2022-03-22,0.684600,0.684600,0.684600,0.684600,0.684600,0
2022-03-23,0.684600,0.684600,0.684600,0.684600,0.684600,0
2022-03-24,0.684600,0.684600,0.684600,0.684600,0.684600,0
2022-03-25,0.684600,0.684600,0.684600,0.684600,0.684600,0
2022-03-28,0.684600,0.684600,0.684600,0.684600,0.684600,0
2022-03-29,0.684600,0.684600,0.684600,0.684600,0.684600,0
2022-03-30,0.684600,0.684600,0.684600,0.684600,0.684600,0
2022-03-31,0.684600,0.684600,0.684600,0.684600,0.684600,0
2022-04-01,0.684600,0.684600,0.684600,0.684600,0.684600,0
2022-04-04,0.684600,0.684600,0.684600,0.684600,0.684600,0
2022-04-05,0.684600,0.684600,0.684600,0.684600,0.684600,0
2022-04-06,0.684600,0.684600,0.684600,0.684600,0.684600,0
2022-04-07,0.665100,0.665100,0.663000,0.663000,0.663000,2717
2022-04-08,0.663000,0.663000,0.663000,0.663000,0.663000,0
2022-04-11,0.663000,0.663000,0.663000,0.663000,0.663000,0
2022-04-12,0.663000,0.663000,0.663000,0.663000,0.663000,0
2022-04-13,0.663000,0.663000,0.663000,0.663000,0.663000,0
2022-04-14,0.663000,0.663000,0.663000,0.663000,0.663000,0
2022-04-18,0.663000,0.663000,0.663000,0.663000,0.663000,0
2022-04-19,0.663000,0.663000,0.663000,0.663000,0.663000,0
2022-04-20,0.663000,0.663000,0.663000,0.663000,0.663000,0
2022-04-21,0.663000,0.663000,0.663000,0.663000,0.663000,0
2022-04-22,0.663000,0.663000,0.663000,0.663000,0.663000,0
2022-04-25,0.663000,0.663000,0.663000,0.663000,0.663000,0
2022-04-26,0.663000,0.663000,0.663000,0.663000,0.663000,0
2022-04-27,0.663000,0.663000,0.663000,0.663000,0.663000,0
2022-04-28,0.663000,0.663000,0.663000,0.663000,0.663000,0
2022-04-29,0.663000,0.663000,0.663000,0.663000,0.663000,0
2022-05-02,0.663000,0.663000,0.663000,0.663000,0.663000,0
2022-05-03,0.663000,0.663000,0.663000,0.663000,0.663000,0
2022-05-04,0.663000,0.663000,0.663000,0.663000,0.663000,0
2022-05-05,0.663000,0.663000,0.663000,0.663000,0.663000,0
2022-05-06,0.663000,0.663000,0.663000,0.663000,0.663000,0
2022-05-09,0.663000,0.663000,0.663000,0.663000,0.663000,0
2022-05-10,0.663000,0.663000,0.663000,0.663000,0.663000,0
2022-05-11,0.663000,0.663000,0.663000,0.663000,0.663000,0
2022-05-12,0.663000,0.663000,0.663000,0.663000,0.663000,0
2022-05-13,0.663000,0.663000,0.663000,0.663000,0.663000,0
2022-05-16,0.663000,0.663000,0.663000,0.663000,0.663000,0
2022-05-17,0.663000,0.663000,0.663000,0.663000,0.663000,0
2022-05-18,0.663000,0.663000,0.663000,0.663000,0.663000,0
2022-05-19,0.663000,0.663000,0.663000,0.663000,0.663000,0
2022-05-20,0.663000,0.663000,0.663000,0.663000,0.663000,0
2022-05-23,0.663000,0.663000,0.663000,0.663000,0.663000,0
2022-05-24,0.663000,0.663000,0.663000,0.663000,0.663000,0
2022-05-25,0.663000,0.663000,0.663000,0.663000,0.663000,0
2022-05-26,0.663000,0.663000,0.663000,0.663000,0.663000,0
2022-05-27,0.663000,0.663000,0.663000,0.663000,0.663000,0
2022-05-31,0.663000,0.663000,0.663000,0.663000,0.663000,0
2022-06-01,0.663000,0.663000,0.663000,0.663000,0.663000,0
2022-06-02,0.663000,0.663000,0.663000,0.663000,0.663000,0
2022-06-03,0.663000,0.663000,0.663000,0.663000,0.663000,0
2022-06-06,0.663000,0.663000,0.663000,0.663000,0.663000,0
2022-06-07,0.663000,0.663000,0.663000,0.663000,0.663000,0
2022-06-08,0.663000,0.663000,0.663000,0.663000,0.663000,0
2022-06-09,0.663000,0.663000,0.663000,0.663000,0.663000,0
2022-06-10,0.663000,0.663000,0.663000,0.663000,0.663000,0
2022-06-13,0.663000,0.663000,0.663000,0.663000,0.663000,0
2022-06-14,0.663000,0.663000,0.663000,0.663000,0.663000,0
2022-06-15,0.663000,0.663000,0.663000,0.663000,0.663000,0
2022-06-16,0.663000,0.663000,0.663000,0.663000,0.663000,0
2022-06-17,0.663000,0.663000,0.663000,0.663000,0.663000,0
2022-06-21,0.663000,0.663000,0.663000,0.663000,0.663000,0
2022-06-22,0.663000,0.663000,0.663000,0.663000,0.663000,0
2022-06-23,0.663000,0.663000,0.663000,0.663000,0.663000,0
2022-06-24,0.663000,0.663000,0.663000,0.663000,0.663000,0
2022-06-27,0.663000,0.663000,0.663000,0.663000,0.663000,0
2022-06-28,0.663000,0.663000,0.663000,0.663000,0.663000,0
2022-06-29,0.516800,0.516800,0.516800,0.516800,0.516800,13412
2022-06-30,0.516800,0.516800,0.516800,0.516800,0.516800,0
2022-07-01,0.516800,0.516800,0.516800,0.516800,0.516800,0
2022-07-05,0.516800,0.516800,0.516800,0.516800,0.516800,0
2022-07-06,0.516800,0.516800,0.516800,0.516800,0.516800,0
2022-07-07,0.516800,0.516800,0.516800,0.516800,0.516800,0
2022-07-08,0.516800,0.516800,0.516800,0.516800,0.516800,0
2022-07-11,0.516800,0.516800,0.516800,0.516800,0.516800,0
2022-07-12,0.516800,0.516800,0.516800,0.516800,0.516800,0
2022-07-13,0.516800,0.516800,0.516800,0.516800,0.516800,0
2022-07-14,0.516800,0.516800,0.516800,0.516800,0.516800,0
2022-07-15,0.516800,0.516800,0.516800,0.516800,0.516800,0
2022-07-18,0.516800,0.516800,0.516800,0.516800,0.516800,0
2022-07-19,0.516800,0.516800,0.516800,0.516800,0.516800,0
2022-07-20,0.516800,0.516800,0.516800,0.516800,0.516800,0
2022-07-21,0.516800,0.516800,0.516800,0.516800,0.516800,0
2022-07-22,0.516800,0.516800,0.516800,0.516800,0.516800,0
2022-07-25,0.516800,0.516800,0.516800,0.516800,0.516800,0
2022-07-26,0.516800,0.516800,0.516800,0.516800,0.516800,0
2022-07-27,0.516800,0.516800,0.516800,0.516800,0.516800,0
2022-07-28,0.516800,0.516800,0.516800,0.516800,0.516800,0
2022-07-29,0.516800,0.516800,0.516800,0.516800,0.516800,0
2022-08-01,0.516800,0.516800,0.516800,0.516800,0.516800,0
2022-08-02,0.516800,0.516800,0.516800,0.516800,0.516800,0
2022-08-03,0.516800,0.516800,0.516800,0.516800,0.516800,0
2022-08-04,0.516800,0.516800,0.516800,0.516800,0.516800,0
2022-08-05,0.516800,0.516800,0.516800,0.516800,0.516800,0
2022-08-08,0.516800,0.516800,0.516800,0.516800,0.516800,0
2022-08-09,0.516800,0.516800,0.516800,0.516800,0.516800,0
2022-08-10,0.516800,0.516800,0.516800,0.516800,0.516800,0
2022-08-11,0.516800,0.516800,0.516800,0.516800,0.516800,0
2022-08-12,0.516800,0.516800,0.516800,0.516800,0.516800,0
2022-08-15,0.516800,0.516800,0.516800,0.516800,0.516800,0
2022-08-16,0.516800,0.516800,0.516800,0.516800,0.516800,0
2022-08-17,0.516800,0.516800,0.516800,0.516800,0.516800,0
2022-08-18,0.516800,0.516800,0.516800,0.516800,0.516800,0
2022-08-19,0.516800,0.516800,0.516800,0.516800,0.516800,0
2022-08-22,0.516800,0.516800,0.516800,0.516800,0.516800,0
2022-08-23,0.516800,0.516800,0.516800,0.516800,0.516800,0
2022-08-24,0.516800,0.516800,0.516800,0.516800,0.516800,0
2022-08-25,0.516800,0.516800,0.516800,0.516800,0.516800,0
2022-08-26,0.516800,0.516800,0.516800,0.516800,0.516800,0
2022-08-29,0.516800,0.516800,0.516800,0.516800,0.516800,0
2022-08-30,0.516800,0.516800,0.516800,0.516800,0.516800,0
2022-08-31,0.516800,0.516800,0.516800,0.516800,0.516800,0
2022-09-01,0.516800,0.516800,0.516800,0.516800,0.516800,0
2022-09-02,0.516800,0.516800,0.516800,0.516800,0.516800,0
2022-09-06,0.516800,0.516800,0.516800,0.516800,0.516800,0
2022-09-07,0.516800,0.516800,0.516800,0.516800,0.516800,0
2022-09-08,0.516800,0.516800,0.516800,0.516800,0.516800,0
2022-09-09,0.516800,0.516800,0.516800,0.516800,0.516800,0
2022-09-12,0.516800,0.516800,0.516800,0.516800,0.516800,0
2022-09-13,0.516800,0.516800,0.516800,0.516800,0.516800,0
2022-09-14,0.516800,0.516800,0.516800,0.516800,0.516800,0
2022-09-15,0.516800,0.516800,0.516800,0.516800,0.516800,0
2022-09-16,0.516800,0.516800,0.516800,0.516800,0.516800,0
2022-09-19,0.516800,0.516800,0.516800,0.516800,0.516800,0
2022-09-20,0.516800,0.516800,0.516800,0.516800,0.516800,0
2022-09-21,0.516800,0.516800,0.516800,0.516800,0.516800,0
2022-09-22,0.516800,0.516800,0.516800,0.516800,0.516800,0
2022-09-23,0.516800,0.516800,0.516800,0.516800,0.516800,0
2022-09-26,0.516800,0.516800,0.516800,0.516800,0.516800,0
2022-09-27,0.516800,0.516800,0.516800,0.516800,0.516800,0
2022-09-28,0.516800,0.516800,0.516800,0.516800,0.516800,0
2022-09-29,0.516800,0.516800,0.516800,0.516800,0.516800,0
2022-09-30,0.516800,0.516800,0.516800,0.516800,0.516800,0
2022-10-03,0.516800,0.516800,0.516800,0.516800,0.516800,0
2022-10-04,0.516800,0.516800,0.516800,0.516800,0.516800,0
2022-10-05,0.516800,0.516800,0.516800,0.516800,0.516800,0
2022-10-06,0.516800,0.516800,0.516800,0.516800,0.516800,0
2022-10-07,0.516800,0.516800,0.516800,0.516800,0.516800,0